cluster,CD3,CD4,CD8,CD19,CD20,CD56,CD16,CD14,CD11c,CD123,HLA_DR,CD45RA,label
0,0.09974045392846387,0.10400592761761687,0.1024093999737818,0.10055705023080028,0.10420852293216862,0.8836875176522672,0.881033270019893,0.10001908017151429,0.10080248212397011,0.10301029549601992,0.09763419679920746,0.10081270779054743,NK cells
1,0.8838154364974367,0.10306430648189165,0.8847565314507434,0.1009336215189402,0.10405693015834172,0.10164967111996766,0.1001930817582996,0.10174216550354613,0.1045913459573006,0.10114567397265387,0.10252275512901278,0.5700270013823253,CD8 T
2,0.09945233418876118,0.09915787829685563,0.10208378601271861,0.8846632478534856,0.8826555506637597,0.10046661982070254,0.0996143315158842,0.09992163630329265,0.10095187130565511,0.10355439085279389,0.8803361394610536,0.1036591978227899,B cells
3,0.8822931402522921,0.8814829816030891,0.10046502256482774,0.09972049960069873,0.10027172728611394,0.10103199778150314,0.10291255140264746,0.10064261394716698,0.10068539573097689,0.10169448934612685,0.10120783816435111,0.5697479520679039,CD4 T
4,0.1007632153289402,0.10273430595249028,0.09811928770860513,0.09930301776370128,0.09849730642686554,0.10210999781252589,0.10690061710723596,0.10190441825925,0.8832417337230692,0.567101298473976,0.8790379753896114,0.09410926677152483,DC
5,0.10308470364552316,0.10220830617593096,0.10431322075240287,0.10030918322807317,0.1031855707406851,0.10285780644011056,0.1015688977803342,0.8833900225864242,0.5695567342815876,0.10183828984073921,0.5699412629662461,0.10266251407503187,Monocytes
