cluster,ref_mean,bcrxl_mean,p_value
Monocytes,0.15362499999999998,0.16162500000000002,0.2697960790058185
NK cells,0.126725,0.12182500000000002,0.3822843822843822
B cells,0.14425,0.13935,0.5053613053613053
CD4 T,0.31665,0.31985,0.6453768453768453
DC,0.040775,0.0403,0.6453768453768453
CD8 T,0.21797499999999997,0.21705,0.959129759129759
